{"cameraMode":{"drawMode":0,"name":"Shaded","section":"Shading Mode"},"sceneLighting":true,"audioPlay":false,"sceneViewState":{"showFog":true,"showMaterialUpdate":false,"showSkybox":true,"showFlares":true,"showImageEffects":true,"showParticleSystems":true,"showVisualEffectGraphs":true,"m_FxEnabled":true},"in2DMode":false,"pivot":{"x":25.103199005126954,"y":24.352642059326173,"z":-1350.2369384765625},"rotation":{"x":-0.09765169024467468,"y":0.00656545115634799,"z":-0.000644281564746052,"w":-0.9951987862586975},"size":12.12435531616211,"orthographic":false}